{
  "precision": 0.8438228438228438,
  "recall": 0.900497512437811,
  "f1_score": 0.8712394705174488,
  "hallucination_rate": 0.06293706293706294,
  "h_f1_score": 0.8164062171282387,
  "total_correct_fields": 724,
  "total_incorrect_fields": 80,
  "total_hallucinated_fields": 54
}