{
  "event_type_strict_accuracy": 0.3333333333333333,
  "event_sub_type_strict_accuracy": 0.21428571428571427,
  "state_of_victim_strict_accuracy": 0.4523809523809524,
  "victim_gender_strict_accuracy": 0.5,
  "need_ambulance_strict_accuracy": 0.7857142857142857,
  "children_involved_strict_accuracy": 0.9047619047619048,
  "repeat_incident_strict_accuracy": 0.7619047619047619,
  "event_type_fuzzy_accuracy": 0.4476190476190475,
  "event_sub_type_fuzzy_accuracy": 0.4335714285714285,
  "specified_matter_jaccard_mean": 0.008314896411000921,
  "specified_matter_bleu_mean": 0.0006627493968278469,
  "specified_matter_rouge_1_mean": 0.011496861054383179,
  "specified_matter_rouge_2_mean": 0.0018796992481203006,
  "specified_matter_rouge_l_mean": 0.007601542999773088,
  "specified_matter_llm_similarity_mean": 0.845714285714286,
  "specified_matter_llm_binary_similarity_mean": 0.9285714285714286,
  "date_reference_jaccard_mean": 0.7142857142857143,
  "date_reference_bleu_mean": 0.7142857142857143,
  "date_reference_rouge_1_mean": 0.7142857142857143,
  "date_reference_rouge_2_mean": 0.7142857142857143,
  "date_reference_rouge_l_mean": 0.7142857142857143,
  "date_reference_llm_similarity_mean": 0.7142857142857143,
  "date_reference_llm_binary_similarity_mean": 0.7142857142857143,
  "frequency_jaccard_mean": 0.7142857142857143,
  "frequency_bleu_mean": 0.7142857142857143,
  "frequency_rouge_1_mean": 0.7142857142857143,
  "frequency_rouge_2_mean": 0.7142857142857143,
  "frequency_rouge_l_mean": 0.7142857142857143,
  "frequency_llm_similarity_mean": 0.7142857142857143,
  "frequency_llm_binary_similarity_mean": 0.7142857142857143,
  "identification_jaccard_mean": 0.3412698412698412,
  "identification_bleu_mean": 0.28475757978951644,
  "identification_rouge_1_mean": 0.34523809523809523,
  "identification_rouge_2_mean": 0.30952380952380953,
  "identification_rouge_l_mean": 0.34523809523809523,
  "identification_llm_similarity_mean": 0.8178571428571428,
  "identification_llm_binary_similarity_mean": 0.8333333333333334,
  "injury_type_jaccard_mean": 0.9079365079365079,
  "injury_type_bleu_mean": 0.9052018300100124,
  "injury_type_rouge_1_mean": 0.9047619047619048,
  "injury_type_rouge_2_mean": 0.9047619047619048,
  "injury_type_rouge_l_mean": 0.9047619047619048,
  "injury_type_llm_similarity_mean": 0.9483333333333333,
  "injury_type_llm_binary_similarity_mean": 0.9523809523809523,
  "victim_age_jaccard_mean": 0.9603174603174602,
  "victim_age_bleu_mean": 0.9529539617800749,
  "victim_age_rouge_1_mean": 0.9642857142857143,
  "victim_age_rouge_2_mean": 0.9523809523809523,
  "victim_age_rouge_l_mean": 0.9642857142857143,
  "victim_age_llm_similarity_mean": 0.9773809523809524,
  "victim_age_llm_binary_similarity_mean": 0.9761904761904762,
  "victim_relation_jaccard_mean": 0.7142857142857143,
  "victim_relation_bleu_mean": 0.6947101890715212,
  "victim_relation_rouge_1_mean": 0.7142857142857143,
  "victim_relation_rouge_2_mean": 0.6904761904761905,
  "victim_relation_rouge_l_mean": 0.7142857142857143,
  "victim_relation_llm_similarity_mean": 0.8483333333333334,
  "victim_relation_llm_binary_similarity_mean": 0.8571428571428571,
  "incident_location_jaccard_mean": 0.1225371644793361,
  "incident_location_bleu_mean": 0.07398410246300162,
  "incident_location_rouge_1_mean": 0.10873015873015872,
  "incident_location_rouge_2_mean": 0.06084656084656084,
  "incident_location_rouge_l_mean": 0.10873015873015872,
  "incident_location_llm_similarity_mean": 0.8445238095238097,
  "incident_location_llm_binary_similarity_mean": 0.8809523809523809,
  "area_jaccard_mean": 0.15674603174603174,
  "area_bleu_mean": 0.06917325101325678,
  "area_rouge_1_mean": 0.16666666666666666,
  "area_rouge_2_mean": 0.047619047619047616,
  "area_rouge_l_mean": 0.16666666666666666,
  "area_llm_similarity_mean": 0.8040476190476191,
  "area_llm_binary_similarity_mean": 0.8095238095238095,
  "suspect_description_jaccard_mean": 0.5274725274725275,
  "suspect_description_bleu_mean": 0.5239696959392525,
  "suspect_description_rouge_1_mean": 0.54421768707483,
  "suspect_description_rouge_2_mean": 0.5238095238095238,
  "suspect_description_rouge_l_mean": 0.5374149659863945,
  "suspect_description_llm_similarity_mean": 0.5471428571428572,
  "suspect_description_llm_binary_similarity_mean": 0.5476190476190477,
  "object_involved_jaccard_mean": 0.19609788359788358,
  "object_involved_bleu_mean": 0.19114270113399762,
  "object_involved_rouge_1_mean": 0.19727891156462588,
  "object_involved_rouge_2_mean": 0.19047619047619047,
  "object_involved_rouge_l_mean": 0.19727891156462588,
  "object_involved_llm_similarity_mean": 0.6021428571428571,
  "object_involved_llm_binary_similarity_mean": 0.5714285714285714,
  "used_weapons_jaccard_mean": 0.7619047619047619,
  "used_weapons_bleu_mean": 0.7619047619047619,
  "used_weapons_rouge_1_mean": 0.7619047619047619,
  "used_weapons_rouge_2_mean": 0.7619047619047619,
  "used_weapons_rouge_l_mean": 0.7619047619047619,
  "used_weapons_llm_similarity_mean": 0.8057142857142858,
  "used_weapons_llm_binary_similarity_mean": 0.8095238095238095,
  "offender_relation_jaccard_mean": 0.6845238095238095,
  "offender_relation_bleu_mean": 0.6725984446016655,
  "offender_relation_rouge_1_mean": 0.689795918367347,
  "offender_relation_rouge_2_mean": 0.6761904761904761,
  "offender_relation_rouge_l_mean": 0.689795918367347,
  "offender_relation_llm_similarity_mean": 0.7957142857142857,
  "offender_relation_llm_binary_similarity_mean": 0.8095238095238095,
  "mode_of_threat_jaccard_mean": 0.5827838827838828,
  "mode_of_threat_bleu_mean": 0.5115991962926566,
  "mode_of_threat_rouge_1_mean": 0.6143412143412144,
  "mode_of_threat_rouge_2_mean": 0.5634920634920635,
  "mode_of_threat_rouge_l_mean": 0.6143412143412144,
  "mode_of_threat_llm_similarity_mean": 0.7454761904761904,
  "mode_of_threat_llm_binary_similarity_mean": 0.7619047619047619,
  "date_of_birth_jaccard_mean": 1.0,
  "date_of_birth_bleu_mean": 1.0,
  "date_of_birth_rouge_1_mean": 1.0,
  "date_of_birth_rouge_2_mean": 1.0,
  "date_of_birth_rouge_l_mean": 1.0,
  "date_of_birth_llm_similarity_mean": 1.0,
  "date_of_birth_llm_binary_similarity_mean": 1.0,
  "generated_event_sub_type_detail_jaccard_mean": 0.5158730158730159,
  "generated_event_sub_type_detail_bleu_mean": 0.5057209795574638,
  "generated_event_sub_type_detail_rouge_1_mean": 0.5190476190476191,
  "generated_event_sub_type_detail_rouge_2_mean": 0.5158730158730159,
  "generated_event_sub_type_detail_rouge_l_mean": 0.5190476190476191,
  "generated_event_sub_type_detail_llm_similarity_mean": 0.5669047619047619,
  "generated_event_sub_type_detail_llm_binary_similarity_mean": 0.5714285714285714,
  "completeness_metrics": {
    "mean_completeness_score": 73.14038144395288,
    "std_completeness_score": 14.608172015357287
  },
  "hallucination_metrics": {
    "total_hallucinated_fields": 48,
    "mean_hallucinated_fields_per_record": 1.1428571428571428,
    "overall_hallucination_percentage": 4.968944099378882,
    "field_wise_hallucination_percentage": {
      "event_type": 0.0,
      "event_sub_type": 0.0,
      "state_of_victim": 9.523809523809524,
      "victim_gender": 0.0,
      "specified_matter": 0.0,
      "date_reference": 0.0,
      "frequency": 0.0,
      "repeat_incident": 2.380952380952381,
      "identification": 11.904761904761903,
      "injury_type": 0.0,
      "victim_age": 0.0,
      "victim_relation": 2.380952380952381,
      "incident_location": 2.380952380952381,
      "area": 7.142857142857142,
      "suspect_description": 2.380952380952381,
      "object_involved": 19.047619047619047,
      "date_of_birth": 0.0,
      "used_weapons": 19.047619047619047,
      "offender_relation": 7.142857142857142,
      "mode_of_threat": 2.380952380952381,
      "need_ambulance": 14.285714285714285,
      "children_involved": 0.0,
      "generated_event_sub_type_detail": 14.285714285714285
    }
  },
  "missing_from_llm_metrics": {
    "total_missing_from_llm_fields": 126,