{
  "event_type_strict_accuracy": 0.6190476190476191,
  "event_sub_type_strict_accuracy": 0.5476190476190477,
  "state_of_victim_strict_accuracy": 0.7142857142857143,
  "victim_gender_strict_accuracy": 0.6904761904761905,
  "need_ambulance_strict_accuracy": 0.8095238095238095,
  "children_involved_strict_accuracy": 0.9285714285714286,
  "repeat_incident_strict_accuracy": 0.8095238095238095,
  "event_type_fuzzy_accuracy": 0.6900000000000001,
  "event_sub_type_fuzzy_accuracy": 0.7069047619047619,
  "specified_matter_jaccard_mean": 0.18823253760589273,
  "specified_matter_bleu_mean": 0.03764109255687866,
  "specified_matter_rouge_1_mean": 0.3062378494281989,
  "specified_matter_rouge_2_mean": 0.09588843688634589,
  "specified_matter_rouge_l_mean": 0.23250197173332926,
  "specified_matter_llm_similarity_mean": 0.8950000000000002,
  "specified_matter_llm_binary_similarity_mean": 1.0,
  "date_reference_jaccard_mean": 0.6904761904761905,
  "date_reference_bleu_mean": 0.6800557458378654,
  "date_reference_rouge_1_mean": 0.6904761904761905,
  "date_reference_rouge_2_mean": 0.6904761904761905,
  "date_reference_rouge_l_mean": 0.6904761904761905,
  "date_reference_llm_similarity_mean": 0.7321428571428571,
  "date_reference_llm_binary_similarity_mean": 0.7380952380952381,
  "frequency_jaccard_mean": 0.6904761904761905,
  "frequency_bleu_mean": 0.6904761904761905,
  "frequency_rouge_1_mean": 0.6904761904761905,
  "frequency_rouge_2_mean": 0.6904761904761905,
  "frequency_rouge_l_mean": 0.6904761904761905,
  "frequency_llm_similarity_mean": 0.7302380952380952,
  "frequency_llm_binary_similarity_mean": 0.7380952380952381,
  "identification_jaccard_mean": 0.7456916099773243,
  "identification_bleu_mean": 0.4442745084327849,
  "identification_rouge_1_mean": 0.7750257997936016,
  "identification_rouge_2_mean": 0.6159197012138188,
  "identification_rouge_l_mean": 0.7750257997936016,
  "identification_llm_similarity_mean": 0.8447619047619048,
  "identification_llm_binary_similarity_mean": 0.8571428571428571,
  "injury_type_jaccard_mean": 0.6632034632034632,
  "injury_type_bleu_mean": 0.6467322533840045,
  "injury_type_rouge_1_mean": 0.6713435374149659,
  "injury_type_rouge_2_mean": 0.6591836734693877,
  "injury_type_rouge_l_mean": 0.6713435374149659,
  "injury_type_llm_similarity_mean": 0.7023809523809523,
  "injury_type_llm_binary_similarity_mean": 0.6904761904761905,
  "victim_age_jaccard_mean": 0.9047619047619048,
  "victim_age_bleu_mean": 0.8851863795477117,
  "victim_age_rouge_1_mean": 0.9142857142857143,
  "victim_age_rouge_2_mean": 0.8809523809523809,
  "victim_age_rouge_l_mean": 0.9142857142857143,
  "victim_age_llm_similarity_mean": 0.9166666666666666,
  "victim_age_llm_binary_similarity_mean": 0.9047619047619048,
  "victim_relation_jaccard_mean": 0.6746031746031745,
  "victim_relation_bleu_mean": 0.5519187995873833,
  "victim_relation_rouge_1_mean": 0.6870748299319728,
  "victim_relation_rouge_2_mean": 0.5428571428571429,
  "victim_relation_rouge_l_mean": 0.6870748299319728,
  "victim_relation_llm_similarity_mean": 0.7626190476190476,
  "victim_relation_llm_binary_similarity_mean": 0.7380952380952381,
  "incident_location_jaccard_mean": 0.4422593202004967,
  "incident_location_bleu_mean": 0.21565309551435768,
  "incident_location_rouge_1_mean": 0.5231574266588273,
  "incident_location_rouge_2_mean": 0.29201496915782627,
  "incident_location_rouge_l_mean": 0.47714656440146636,
  "incident_location_llm_similarity_mean": 0.8821428571428571,
  "incident_location_llm_binary_similarity_mean": 0.9523809523809523,
  "area_jaccard_mean": 0.5067460317460317,
  "area_bleu_mean": 0.20947615129838265,
  "area_rouge_1_mean": 0.5660430839002268,
  "area_rouge_2_mean": 0.2253968253968254,
  "area_rouge_l_mean": 0.5660430839002268,
  "area_llm_similarity_mean": 0.7173809523809525,
  "area_llm_binary_similarity_mean": 0.6904761904761905,
  "suspect_description_jaccard_mean": 0.3502511679142114,
  "suspect_description_bleu_mean": 0.28340248676457547,
  "suspect_description_rouge_1_mean": 0.41761621123545206,
  "suspect_description_rouge_2_mean": 0.29857356047832234,
  "suspect_description_rouge_l_mean": 0.40091748576825365,
  "suspect_description_llm_similarity_mean": 0.5242857142857142,
  "suspect_description_llm_binary_similarity_mean": 0.5476190476190477,
  "object_involved_jaccard_mean": 0.24673688188725787,
  "object_involved_bleu_mean": 0.15403863074642904,
  "object_involved_rouge_1_mean": 0.345000849888068,
  "object_involved_rouge_2_mean": 0.1537037037037037,
  "object_involved_rouge_l_mean": 0.345000849888068,
  "object_involved_llm_similarity_mean": 0.5371428571428571,
  "object_involved_llm_binary_similarity_mean": 0.5,
  "used_weapons_jaccard_mean": 0.43650793650793657,
  "used_weapons_bleu_mean": 0.40956891275635804,
  "used_weapons_rouge_1_mean": 0.44444444444444436,
  "used_weapons_rouge_2_mean": 0.40476190476190477,
  "used_weapons_rouge_l_mean": 0.44444444444444436,
  "used_weapons_llm_similarity_mean": 0.4428571428571429,
  "used_weapons_llm_binary_similarity_mean": 0.42857142857142855,
  "offender_relation_jaccard_mean": 0.4186507936507936,
  "offender_relation_bleu_mean": 0.36852693691692884,
  "offender_relation_rouge_1_mean": 0.43015873015873013,
  "offender_relation_rouge_2_mean": 0.35714285714285715,
  "offender_relation_rouge_l_mean": 0.43015873015873013,
  "offender_relation_llm_similarity_mean": 0.5047619047619049,
  "offender_relation_llm_binary_similarity_mean": 0.5238095238095238,
  "mode_of_threat_jaccard_mean": 0.28620922728065584,
  "mode_of_threat_bleu_mean": 0.18646115062933635,
  "mode_of_threat_rouge_1_mean": 0.32863208220351076,
  "mode_of_threat_rouge_2_mean": 0.23068783068783066,
  "mode_of_threat_rouge_l_mean": 0.3199740735455021,
  "mode_of_threat_llm_similarity_mean": 0.5097619047619049,
  "mode_of_threat_llm_binary_similarity_mean": 0.5238095238095238,
  "date_of_birth_jaccard_mean": 0.9761904761904762,
  "date_of_birth_bleu_mean": 0.9761904761904762,
  "date_of_birth_rouge_1_mean": 0.9761904761904762,
  "date_of_birth_rouge_2_mean": 0.9761904761904762,
  "date_of_birth_rouge_l_mean": 0.9761904761904762,
  "date_of_birth_llm_similarity_mean": 0.9761904761904762,
  "date_of_birth_llm_binary_similarity_mean": 0.9761904761904762,
  "generated_event_sub_type_detail_jaccard_mean": 0.5380952380952382,
  "generated_event_sub_type_detail_bleu_mean": 0.4998124264138365,
  "generated_event_sub_type_detail_rouge_1_mean": 0.5620181405895691,
  "generated_event_sub_type_detail_rouge_2_mean": 0.49761904761904757,
  "generated_event_sub_type_detail_rouge_l_mean": 0.5620181405895691,
  "generated_event_sub_type_detail_llm_similarity_mean": 0.7007142857142857,
  "generated_event_sub_type_detail_llm_binary_similarity_mean": 0.7142857142857143,
  "completeness_metrics": {
    "mean_completeness_score": 84.35464006892579,
    "std_completeness_score": 11.49360711010966
  },
  "hallucination_metrics": {
    "total_hallucinated_fields": 123,
    "mean_hallucinated_fields_per_record": 2.9285714285714284,
    "overall_hallucination_percentage": 12.732919254658384,
    "field_wise_hallucination_percentage": {
      "event_type": 0.0,
      "event_sub_type": 0.0,
      "state_of_victim": 7.142857142857142,
      "victim_gender": 0.0,
      "specified_matter": 0.0,
      "date_reference": 4.761904761904762,
      "frequency": 2.380952380952381,
      "repeat_incident": 0.0,
      "identification": 7.142857142857142,
      "injury_type": 26.190476190476193,
      "victim_age": 7.142857142857142,
      "victim_relation": 19.047619047619047,
      "incident_location": 0.0,
      "area": 2.380952380952381,
      "suspect_description": 28.57142857142857,
      "object_involved": 26.190476190476193,
      "date_of_birth": 2.380952380952381,
      "used_weapons": 54.761904761904766,
      "offender_relation": 38.095238095238095,
      "mode_of_threat": 35.714285714285715,
      "need_ambulance": 11.904761904761903,
      "children_involved": 2.380952380952381,