{
  "event_type_strict_accuracy": 0.5952380952380952,
  "event_sub_type_strict_accuracy": 0.5,
  "state_of_victim_strict_accuracy": 0.6190476190476191,
  "victim_gender_strict_accuracy": 0.6190476190476191,
  "need_ambulance_strict_accuracy": 0.8333333333333334,
  "children_involved_strict_accuracy": 0.9523809523809523,
  "repeat_incident_strict_accuracy": 0.7619047619047619,
  "event_type_fuzzy_accuracy": 0.649047619047619,
  "event_sub_type_fuzzy_accuracy": 0.6409523809523808,
  "specified_matter_jaccard_mean": 0.15987817949315053,
  "specified_matter_bleu_mean": 0.018617841765085814,
  "specified_matter_rouge_1_mean": 0.24185081759002278,
  "specified_matter_rouge_2_mean": 0.06305955733054616,
  "specified_matter_rouge_l_mean": 0.1661627144269208,
  "specified_matter_llm_similarity_mean": 0.8592857142857143,
  "specified_matter_llm_binary_similarity_mean": 0.9761904761904762,
  "date_reference_jaccard_mean": 0.7261904761904762,
  "date_reference_bleu_mean": 0.7178460685267172,
  "date_reference_rouge_1_mean": 0.7301587301587301,
  "date_reference_rouge_2_mean": 0.7142857142857143,
  "date_reference_rouge_l_mean": 0.7301587301587301,
  "date_reference_llm_similarity_mean": 0.7345238095238096,
  "date_reference_llm_binary_similarity_mean": 0.7380952380952381,
  "frequency_jaccard_mean": 0.7161172161172161,
  "frequency_bleu_mean": 0.7142857403003008,
  "frequency_rouge_1_mean": 0.719047619047619,
  "frequency_rouge_2_mean": 0.7142857142857143,
  "frequency_rouge_l_mean": 0.719047619047619,
  "frequency_llm_similarity_mean": 0.7602380952380953,
  "frequency_llm_binary_similarity_mean": 0.7619047619047619,
  "identification_jaccard_mean": 0.8154761904761905,
  "identification_bleu_mean": 0.48106982476379867,
  "identification_rouge_1_mean": 0.8374129768866612,
  "identification_rouge_2_mean": 0.688141923436041,
  "identification_rouge_l_mean": 0.8374129768866612,
  "identification_llm_similarity_mean": 0.8864285714285716,
  "identification_llm_binary_similarity_mean": 0.8809523809523809,
  "injury_type_jaccard_mean": 0.7242063492063492,
  "injury_type_bleu_mean": 0.7148388909992465,
  "injury_type_rouge_1_mean": 0.7216117216117216,
  "injury_type_rouge_2_mean": 0.7142857142857143,
  "injury_type_rouge_l_mean": 0.7216117216117216,
  "injury_type_llm_similarity_mean": 0.7807142857142857,
  "injury_type_llm_binary_similarity_mean": 0.7619047619047619,
  "victim_age_jaccard_mean": 0.9642857142857143,
  "victim_age_bleu_mean": 0.9539385534181234,
  "victim_age_rouge_1_mean": 0.9777777777777776,
  "victim_age_rouge_2_mean": 0.9523809523809523,
  "victim_age_rouge_l_mean": 0.9777777777777776,
  "victim_age_llm_similarity_mean": 0.9904761904761905,
  "victim_age_llm_binary_similarity_mean": 1.0,
  "victim_relation_jaccard_mean": 0.8154761904761905,
  "victim_relation_bleu_mean": 0.6922814566161865,
  "victim_relation_rouge_1_mean": 0.819047619047619,
  "victim_relation_rouge_2_mean": 0.6666666666666666,
  "victim_relation_rouge_l_mean": 0.819047619047619,
  "victim_relation_llm_similarity_mean": 0.8716666666666667,
  "victim_relation_llm_binary_similarity_mean": 0.8809523809523809,
  "incident_location_jaccard_mean": 0.36375846375846377,
  "incident_location_bleu_mean": 0.15806987173453765,
  "incident_location_rouge_1_mean": 0.44060920914731405,
  "incident_location_rouge_2_mean": 0.21391084664894192,
  "incident_location_rouge_l_mean": 0.40261582582286726,
  "incident_location_llm_similarity_mean": 0.7992857142857142,
  "incident_location_llm_binary_similarity_mean": 0.8333333333333334,
  "area_jaccard_mean": 0.4780193236714976,
  "area_bleu_mean": 0.1840813693215456,
  "area_rouge_1_mean": 0.5529478458049886,
  "area_rouge_2_mean": 0.2015873015873016,
  "area_rouge_l_mean": 0.5529478458049886,
  "area_llm_similarity_mean": 0.7328571428571429,
  "area_llm_binary_similarity_mean": 0.7380952380952381,
  "suspect_description_jaccard_mean": 0.47715848965848967,
  "suspect_description_bleu_mean": 0.3833716509903227,
  "suspect_description_rouge_1_mean": 0.5152057248695905,
  "suspect_description_rouge_2_mean": 0.4121489621489621,
  "suspect_description_rouge_l_mean": 0.49516950525353887,
  "suspect_description_llm_similarity_mean": 0.6423809523809523,
  "suspect_description_llm_binary_similarity_mean": 0.6190476190476191,
  "object_involved_jaccard_mean": 0.36705876795162506,
  "object_involved_bleu_mean": 0.23525236743250277,
  "object_involved_rouge_1_mean": 0.4496504157218443,
  "object_involved_rouge_2_mean": 0.25283446712018137,
  "object_involved_rouge_l_mean": 0.4496504157218443,
  "object_involved_llm_similarity_mean": 0.619047619047619,
  "object_involved_llm_binary_similarity_mean": 0.6190476190476191,
  "used_weapons_jaccard_mean": 0.73992673992674,
  "used_weapons_bleu_mean": 0.7380952476654696,
  "used_weapons_rouge_1_mean": 0.7424242424242424,
  "used_weapons_rouge_2_mean": 0.7380952380952381,
  "used_weapons_rouge_l_mean": 0.7424242424242424,
  "used_weapons_llm_similarity_mean": 0.7571428571428571,
  "used_weapons_llm_binary_similarity_mean": 0.7619047619047619,
  "offender_relation_jaccard_mean": 0.6726190476190477,
  "offender_relation_bleu_mean": 0.6277264146158158,
  "offender_relation_rouge_1_mean": 0.6825396825396824,
  "offender_relation_rouge_2_mean": 0.6190476190476191,
  "offender_relation_rouge_l_mean": 0.6825396825396824,
  "offender_relation_llm_similarity_mean": 0.7807142857142857,
  "offender_relation_llm_binary_similarity_mean": 0.7857142857142857,
  "mode_of_threat_jaccard_mean": 0.43378797128797125,
  "mode_of_threat_bleu_mean": 0.3063438512881244,
  "mode_of_threat_rouge_1_mean": 0.5035187035187034,
  "mode_of_threat_rouge_2_mean": 0.3743386243386243,
  "mode_of_threat_rouge_l_mean": 0.48749108034822325,
  "mode_of_threat_llm_similarity_mean": 0.6507142857142857,
  "mode_of_threat_llm_binary_similarity_mean": 0.6904761904761905,
  "date_of_birth_jaccard_mean": 1.0,
  "date_of_birth_bleu_mean": 1.0,
  "date_of_birth_rouge_1_mean": 1.0,
  "date_of_birth_rouge_2_mean": 1.0,
  "date_of_birth_rouge_l_mean": 1.0,
  "date_of_birth_llm_similarity_mean": 1.0,
  "date_of_birth_llm_binary_similarity_mean": 1.0,
  "generated_event_sub_type_detail_jaccard_mean": 0.5519944341372913,
  "generated_event_sub_type_detail_bleu_mean": 0.5344220821433455,
  "generated_event_sub_type_detail_rouge_1_mean": 0.5758503401360544,
  "generated_event_sub_type_detail_rouge_2_mean": 0.5317460317460319,
  "generated_event_sub_type_detail_rouge_l_mean": 0.5738662131519274,
  "generated_event_sub_type_detail_llm_similarity_mean": 0.6738095238095237,
  "generated_event_sub_type_detail_llm_binary_similarity_mean": 0.6904761904761905,
  "completeness_metrics": {
    "mean_completeness_score": 81.14525685954258,
    "std_completeness_score": 12.922660305519202
  },
  "hallucination_metrics": {
    "total_hallucinated_fields": 68,
    "mean_hallucinated_fields_per_record": 1.619047619047619,
    "overall_hallucination_percentage": 7.039337474120083,
    "field_wise_hallucination_percentage": {
      "event_type": 0.0,
      "event_sub_type": 0.0,
      "state_of_victim": 9.523809523809524,
      "victim_gender": 2.380952380952381,
      "specified_matter": 0.0,
      "date_reference": 0.0,
      "frequency": 0.0,
      "repeat_incident": 2.380952380952381,
      "identification": 4.761904761904762,
      "injury_type": 19.047619047619047,
      "victim_age": 0.0,
      "victim_relation": 4.761904761904762,
      "incident_location": 2.380952380952381,
      "area": 2.380952380952381,
      "suspect_description": 19.047619047619047,
      "object_involved": 19.047619047619047,
      "date_of_birth": 0.0,
      "used_weapons": 21.428571428571427,
      "offender_relation": 11.904761904761903,
      "mode_of_threat": 23.809523809523807,
      "need_ambulance": 7.142857142857142,
      "children_involved": 0.0,
      "generated_event_sub_type_detail": 11.904761904761903
    }
  },
  "missing_from_llm_metrics": {
    "total_missing_from_llm_fields": 86,