{
  "event_type_strict_accuracy": 0.35714285714285715,
  "event_sub_type_strict_accuracy": 0.3333333333333333,
  "state_of_victim_strict_accuracy": 0.4523809523809524,
  "victim_gender_strict_accuracy": 0.6190476190476191,
  "need_ambulance_strict_accuracy": 0.9047619047619048,
  "children_involved_strict_accuracy": 0.9047619047619048,
  "repeat_incident_strict_accuracy": 0.5714285714285714,
  "event_type_fuzzy_accuracy": 0.4080952380952381,
  "event_sub_type_fuzzy_accuracy": 0.4,
  "specified_matter_jaccard_mean": 0.016745401941847565,
  "specified_matter_bleu_mean": 0.0016055187874219007,
  "specified_matter_rouge_1_mean": 0.028140810986182353,
  "specified_matter_rouge_2_mean": 0.005509828662904647,
  "specified_matter_rouge_l_mean": 0.018696537916809638,
  "specified_matter_llm_similarity_mean": 0.2607142857142857,
  "specified_matter_llm_binary_similarity_mean": 0.2619047619047619,
  "date_reference_jaccard_mean": 0.6428571428571429,
  "date_reference_bleu_mean": 0.6428571428571429,
  "date_reference_rouge_1_mean": 0.6428571428571429,
  "date_reference_rouge_2_mean": 0.6428571428571429,
  "date_reference_rouge_l_mean": 0.6428571428571429,
  "date_reference_llm_similarity_mean": 0.6428571428571429,
  "date_reference_llm_binary_similarity_mean": 0.6428571428571429,
  "frequency_jaccard_mean": 0.6452380952380953,
  "frequency_bleu_mean": 0.64285766537408,
  "frequency_rouge_1_mean": 0.6488095238095238,
  "frequency_rouge_2_mean": 0.6428571428571429,
  "frequency_rouge_l_mean": 0.6488095238095238,
  "frequency_llm_similarity_mean": 0.6642857142857143,
  "frequency_llm_binary_similarity_mean": 0.6666666666666666,
  "identification_jaccard_mean": 0.40476190476190477,
  "identification_bleu_mean": 0.3884816134765914,
  "identification_rouge_1_mean": 0.40476190476190477,
  "identification_rouge_2_mean": 0.40476190476190477,
  "identification_rouge_l_mean": 0.40476190476190477,
  "identification_llm_similarity_mean": 0.41190476190476183,
  "identification_llm_binary_similarity_mean": 0.40476190476190477,
  "injury_type_jaccard_mean": 0.8333333333333334,
  "injury_type_bleu_mean": 0.8333333333333334,
  "injury_type_rouge_1_mean": 0.8333333333333334,
  "injury_type_rouge_2_mean": 0.8333333333333334,
  "injury_type_rouge_l_mean": 0.8333333333333334,
  "injury_type_llm_similarity_mean": 0.8333333333333334,
  "injury_type_llm_binary_similarity_mean": 0.8333333333333334,
  "victim_age_jaccard_mean": 0.6904761904761905,
  "victim_age_bleu_mean": 0.6904761904761905,
  "victim_age_rouge_1_mean": 0.6904761904761905,
  "victim_age_rouge_2_mean": 0.6904761904761905,
  "victim_age_rouge_l_mean": 0.6904761904761905,
  "victim_age_llm_similarity_mean": 0.6904761904761905,
  "victim_age_llm_binary_similarity_mean": 0.6904761904761905,
  "victim_relation_jaccard_mean": 0.5952380952380952,
  "victim_relation_bleu_mean": 0.5952380952380952,
  "victim_relation_rouge_1_mean": 0.6224489795918368,
  "victim_relation_rouge_2_mean": 0.6142857142857143,
  "victim_relation_rouge_l_mean": 0.6224489795918368,
  "victim_relation_llm_similarity_mean": 0.6452380952380953,
  "victim_relation_llm_binary_similarity_mean": 0.6190476190476191,
  "incident_location_jaccard_mean": 0.07509012151869295,
  "incident_location_bleu_mean": 0.035525823188701934,
  "incident_location_rouge_1_mean": 0.08917131715294627,
  "incident_location_rouge_2_mean": 0.033984533984533986,
  "incident_location_rouge_l_mean": 0.07739543163244093,
  "incident_location_llm_similarity_mean": 0.29380952380952374,
  "incident_location_llm_binary_similarity_mean": 0.30952380952380953,
  "area_jaccard_mean": 0.14083694083694084,
  "area_bleu_mean": 0.10763049041031184,
  "area_rouge_1_mean": 0.15767195767195766,
  "area_rouge_2_mean": 0.09523809523809523,
  "area_rouge_l_mean": 0.15767195767195766,
  "area_llm_similarity_mean": 0.26071428571428573,
  "area_llm_binary_similarity_mean": 0.2619047619047619,
  "suspect_description_jaccard_mean": 0.398767394472459,
  "suspect_description_bleu_mean": 0.383810450033325,
  "suspect_description_rouge_1_mean": 0.4358500417710944,
  "suspect_description_rouge_2_mean": 0.3965086034413765,
  "suspect_description_rouge_l_mean": 0.4358500417710944,
  "suspect_description_llm_similarity_mean": 0.5595238095238095,
  "suspect_description_llm_binary_similarity_mean": 0.5714285714285714,
  "object_involved_jaccard_mean": 0.3138888888888889,
  "object_involved_bleu_mean": 0.2763900769525486,
  "object_involved_rouge_1_mean": 0.3611111111111111,
  "object_involved_rouge_2_mean": 0.27380952380952384,
  "object_involved_rouge_l_mean": 0.3611111111111111,
  "object_involved_llm_similarity_mean": 0.40928571428571425,
  "object_involved_llm_binary_similarity_mean": 0.40476190476190477,
  "used_weapons_jaccard_mean": 0.7857142857142857,
  "used_weapons_bleu_mean": 0.7857142857142857,
  "used_weapons_rouge_1_mean": 0.7857142857142857,
  "used_weapons_rouge_2_mean": 0.7857142857142857,
  "used_weapons_rouge_l_mean": 0.7857142857142857,
  "used_weapons_llm_similarity_mean": 0.7869047619047619,
  "used_weapons_llm_binary_similarity_mean": 0.7857142857142857,
  "offender_relation_jaccard_mean": 0.6130952380952381,
  "offender_relation_bleu_mean": 0.6028689464072711,
  "offender_relation_rouge_1_mean": 0.6275510204081632,
  "offender_relation_rouge_2_mean": 0.6142857142857143,
  "offender_relation_rouge_l_mean": 0.6275510204081632,
  "offender_relation_llm_similarity_mean": 0.6595238095238095,
  "offender_relation_llm_binary_similarity_mean": 0.6666666666666666,
  "mode_of_threat_jaccard_mean": 0.42142857142857143,
  "mode_of_threat_bleu_mean": 0.40884153574391363,
  "mode_of_threat_rouge_1_mean": 0.44047619047619047,
  "mode_of_threat_rouge_2_mean": 0.42857142857142855,
  "mode_of_threat_rouge_l_mean": 0.44047619047619047,
  "mode_of_threat_llm_similarity_mean": 0.5085714285714286,
  "mode_of_threat_llm_binary_similarity_mean": 0.5238095238095238,
  "date_of_birth_jaccard_mean": 0.8333333333333334,
  "date_of_birth_bleu_mean": 0.8333333333333334,
  "date_of_birth_rouge_1_mean": 0.8333333333333334,
  "date_of_birth_rouge_2_mean": 0.8333333333333334,
  "date_of_birth_rouge_l_mean": 0.8333333333333334,
  "date_of_birth_llm_similarity_mean": 0.8333333333333334,
  "date_of_birth_llm_binary_similarity_mean": 0.8333333333333334,
  "generated_event_sub_type_detail_jaccard_mean": 0.48214285714285715,
  "generated_event_sub_type_detail_bleu_mean": 0.46847531575802615,
  "generated_event_sub_type_detail_rouge_1_mean": 0.48571428571428565,
  "generated_event_sub_type_detail_rouge_2_mean": 0.47619047619047616,
  "generated_event_sub_type_detail_rouge_l_mean": 0.48571428571428565,
  "generated_event_sub_type_detail_llm_similarity_mean": 0.5178571428571429,
  "generated_event_sub_type_detail_llm_binary_similarity_mean": 0.5238095238095238,
  "completeness_metrics": {
    "mean_completeness_score": 39.37050713836428,
    "std_completeness_score": 18.26990857977441
  },
  "hallucination_metrics": {
    "total_hallucinated_fields": 73,
    "mean_hallucinated_fields_per_record": 1.7380952380952381,
    "overall_hallucination_percentage": 7.556935817805383,
    "field_wise_hallucination_percentage": {
      "event_type": 0.0,
      "event_sub_type": 0.0,
      "state_of_victim": 0.0,
      "victim_gender": 2.380952380952381,
      "specified_matter": 0.0,
      "date_reference": 7.142857142857142,
      "frequency": 7.142857142857142,
      "repeat_incident": 0.0,
      "identification": 0.0,
      "injury_type": 7.142857142857142,
      "victim_age": 26.190476190476193,
      "victim_relation": 11.904761904761903,
      "incident_location": 2.380952380952381,
      "area": 2.380952380952381,
      "suspect_description": 16.666666666666664,
      "object_involved": 11.904761904761903,
      "date_of_birth": 16.666666666666664,
      "used_weapons": 16.666666666666664,
      "offender_relation": 14.285714285714285,
      "mode_of_threat": 9.523809523809524,
      "need_ambulance": 2.380952380952381,