{
  "event_type_strict_accuracy": 0.5666666666666667,
  "event_type_fuzzy_accuracy": 0.6416666666666667,
  "event_sub_type_strict_accuracy": 0.3466666666666667,
  "event_sub_type_fuzzy_accuracy": 0.5743333333333334,
  "state_of_victim_strict_accuracy": 0.22,
  "victim_gender_strict_accuracy": 0.52,
  "specified_matter_jaccard_mean": 0.3344353340481997,
  "specified_matter_bleu_mean": 0.155105147923181,
  "specified_matter_rouge_1_mean": 0.47097136181435967,
  "specified_matter_rouge_2_mean": 0.24820675896923314,
  "specified_matter_rouge_l_mean": 0.4164802264534285,
  "specified_matter_llm_similarity_mean": 0.9255333333333334,
  "date_reference_jaccard_mean": 0.06,
  "date_reference_bleu_mean": 0.06,
  "date_reference_rouge_1_mean": 0.06,
  "date_reference_rouge_2_mean": 0.06,
  "date_reference_rouge_l_mean": 0.06,
  "date_reference_llm_similarity_mean": 0.06,
  "frequency_jaccard_mean": 0.0,
  "frequency_bleu_mean": 0.0,
  "frequency_rouge_1_mean": 0.0,
  "frequency_rouge_2_mean": 0.0,
  "frequency_rouge_l_mean": 0.0,
  "frequency_llm_similarity_mean": 0.0,
  "repeat_incident_jaccard_mean": 0.0,
  "repeat_incident_bleu_mean": 0.0,
  "repeat_incident_rouge_1_mean": 0.0,
  "repeat_incident_rouge_2_mean": 0.0,
  "repeat_incident_rouge_l_mean": 0.0,
  "repeat_incident_llm_similarity_mean": 0.0,
  "identification_jaccard_mean": 0.10666666666666667,
  "identification_bleu_mean": 0.02173631020734076,
  "identification_rouge_1_mean": 0.10666666613333332,
  "identification_rouge_2_mean": 0.0199999999,
  "identification_rouge_l_mean": 0.10666666613333332,
  "identification_llm_similarity_mean": 0.11299999999999999,
  "injury_type_jaccard_mean": 0.632888888888889,
  "injury_type_bleu_mean": 0.597186223823073,
  "injury_type_rouge_1_mean": 0.5969999999013332,
  "injury_type_rouge_2_mean": 0.5866666666666667,
  "injury_type_rouge_l_mean": 0.5969999999013332,
  "injury_type_llm_similarity_mean": 0.6546,
  "victim_age_jaccard_mean": 0.12888888888888891,
  "victim_age_bleu_mean": 0.10879559775441294,
  "victim_age_rouge_1_mean": 0.1333333331,
  "victim_age_rouge_2_mean": 0.11333333323333332,
  "victim_age_rouge_l_mean": 0.1333333331,
  "victim_age_llm_similarity_mean": 0.15,
  "victim_relation_jaccard_mean": 0.35555555555555557,
  "victim_relation_bleu_mean": 0.2444678717114973,
  "victim_relation_rouge_1_mean": 0.3433333327083333,
  "victim_relation_rouge_2_mean": 0.22,
  "victim_relation_rouge_l_mean": 0.3433333327083333,
  "victim_relation_llm_similarity_mean": 0.3703333333333333,
  "incident_location_jaccard_mean": 0.556477873977874,
  "incident_location_bleu_mean": 0.34715939010511293,
  "incident_location_rouge_1_mean": 0.638298803739845,
  "incident_location_rouge_2_mean": 0.4918191781013847,
  "incident_location_rouge_l_mean": 0.6200343829754242,
  "incident_location_llm_similarity_mean": 0.8627999999999999,
  "area_jaccard_mean": 0.5771111111111111,
  "area_bleu_mean": 0.3282539200617512,
  "area_rouge_1_mean": 0.5611111093231482,
  "area_rouge_2_mean": 0.5566666649083334,
  "area_rouge_l_mean": 0.5611111093231482,
  "area_llm_similarity_mean": 0.6010666666666666,
  "suspect_description_jaccard_mean": 0.11088888888888888,
  "suspect_description_bleu_mean": 0.04385245087480609,
  "suspect_description_rouge_1_mean": 0.12239682464803782,
  "suspect_description_rouge_2_mean": 0.07422222179438889,
  "suspect_description_rouge_l_mean": 0.12239682464803782,
  "suspect_description_llm_similarity_mean": 0.1492,
  "object_involved_jaccard_mean": 0.4955846560846561,
  "object_involved_bleu_mean": 0.3159825663684829,
  "object_involved_rouge_1_mean": 0.52882972383499,
  "object_involved_rouge_2_mean": 0.3273333325918313,
  "object_involved_rouge_l_mean": 0.5266075016127678,
  "object_involved_llm_similarity_mean": 0.6082666666666666,
  "used_weapons_jaccard_mean": 0.8177777777777777,
  "used_weapons_bleu_mean": 0.787256054496822,
  "used_weapons_rouge_1_mean": 0.8208888886642963,
  "used_weapons_rouge_2_mean": 0.7866666666333333,
  "used_weapons_rouge_l_mean": 0.8208888886642963,
  "used_weapons_llm_similarity_mean": 0.8406666666666667,
  "offender_relation_jaccard_mean": 0.08211111111111111,
  "offender_relation_bleu_mean": 0.06384027161588891,
  "offender_relation_rouge_1_mean": 0.08679365062265759,
  "offender_relation_rouge_2_mean": 0.06666666663333333,
  "offender_relation_rouge_l_mean": 0.08679365062265759,
  "offender_relation_llm_similarity_mean": 0.11253333333333335,
  "mode_of_threat_jaccard_mean": 0.405063492063492,
  "mode_of_threat_bleu_mean": 0.3632812738705662,
  "mode_of_threat_rouge_1_mean": 0.4203333326927407,
  "mode_of_threat_rouge_2_mean": 0.37777777758148146,
  "mode_of_threat_rouge_l_mean": 0.4203333326927407,
  "mode_of_threat_llm_similarity_mean": 0.5356666666666666,
  "need_ambulance_jaccard_mean": 0.02666666666666667,
  "need_ambulance_bleu_mean": 0.004742078426770461,
  "need_ambulance_rouge_1_mean": 0.026666666533333334,
  "need_ambulance_rouge_2_mean": 0.0,
  "need_ambulance_rouge_l_mean": 0.026666666533333334,
  "need_ambulance_llm_similarity_mean": 0.02666666666666667,
  "children_involved_jaccard_mean": 0.1711111111111111,
  "children_involved_bleu_mean": 0.15911452959651995,
  "children_involved_rouge_1_mean": 0.17888888870462963,
  "children_involved_rouge_2_mean": 0.15333333333333332,
  "children_involved_rouge_l_mean": 0.17888888870462963,
  "children_involved_llm_similarity_mean": 0.19566666666666668,
  "date_of_birth_jaccard_mean": 1.0,
  "date_of_birth_bleu_mean": 1.0,
  "date_of_birth_rouge_1_mean": 1.0,
  "date_of_birth_rouge_2_mean": 1.0,
  "date_of_birth_rouge_l_mean": 1.0,
  "date_of_birth_llm_similarity_mean": 1.0,
  "generated_event_sub_type_detail_jaccard_mean": 0.8466666666666667,
  "generated_event_sub_type_detail_bleu_mean": 0.8466666666666667,
  "generated_event_sub_type_detail_rouge_1_mean": 0.8466666666666667,
  "generated_event_sub_type_detail_rouge_2_mean": 0.8466666666666667,
  "generated_event_sub_type_detail_rouge_l_mean": 0.8466666666666667,
  "generated_event_sub_type_detail_llm_similarity_mean": 0.8466666666666667
}