{
  "event_type_strict_accuracy": 0.4523809523809524,
  "event_sub_type_strict_accuracy": 0.2857142857142857,
  "state_of_victim_strict_accuracy": 0.5714285714285714,
  "victim_gender_strict_accuracy": 0.5238095238095238,
  "need_ambulance_strict_accuracy": 0.8809523809523809,
  "children_involved_strict_accuracy": 0.8333333333333334,
  "repeat_incident_strict_accuracy": 0.7619047619047619,
  "event_type_fuzzy_accuracy": 0.5357142857142857,
  "event_sub_type_fuzzy_accuracy": 0.4416666666666667,
  "specified_matter_jaccard_mean": 0.12598168099723675,
  "specified_matter_bleu_mean": 0.011565067489674768,
  "specified_matter_rouge_1_mean": 0.20182023332347748,
  "specified_matter_rouge_2_mean": 0.043114777271921034,
  "specified_matter_rouge_l_mean": 0.1468514262304151,
  "specified_matter_llm_similarity_mean": 0.853809523809524,
  "specified_matter_llm_binary_similarity_mean": 0.9761904761904762,
  "date_reference_jaccard_mean": 0.7142857142857143,
  "date_reference_bleu_mean": 0.7142857142857143,
  "date_reference_rouge_1_mean": 0.7142857142857143,
  "date_reference_rouge_2_mean": 0.7142857142857143,
  "date_reference_rouge_l_mean": 0.7142857142857143,
  "date_reference_llm_similarity_mean": 0.7142857142857143,
  "date_reference_llm_binary_similarity_mean": 0.7142857142857143,
  "frequency_jaccard_mean": 0.7142857142857143,
  "frequency_bleu_mean": 0.7142857142857143,
  "frequency_rouge_1_mean": 0.7142857142857143,
  "frequency_rouge_2_mean": 0.7142857142857143,
  "frequency_rouge_l_mean": 0.7142857142857143,
  "frequency_llm_similarity_mean": 0.7142857142857143,
  "frequency_llm_binary_similarity_mean": 0.7142857142857143,
  "identification_jaccard_mean": 0.6226190476190476,
  "identification_bleu_mean": 0.2736939841146378,
  "identification_rouge_1_mean": 0.6495822890559733,
  "identification_rouge_2_mean": 0.4738562091503267,
  "identification_rouge_l_mean": 0.6495822890559733,
  "identification_llm_similarity_mean": 0.6833333333333333,
  "identification_llm_binary_similarity_mean": 0.6904761904761905,
  "injury_type_jaccard_mean": 0.9134199134199134,
  "injury_type_bleu_mean": 0.9056922333927269,
  "injury_type_rouge_1_mean": 0.9157509157509157,
  "injury_type_rouge_2_mean": 0.9047619047619048,
  "injury_type_rouge_l_mean": 0.9157509157509157,
  "injury_type_llm_similarity_mean": 0.9535714285714285,
  "injury_type_llm_binary_similarity_mean": 0.9523809523809523,
  "victim_age_jaccard_mean": 0.9642857142857143,
  "victim_age_bleu_mean": 0.9539385534181234,
  "victim_age_rouge_1_mean": 0.9777777777777776,
  "victim_age_rouge_2_mean": 0.9523809523809523,
  "victim_age_rouge_l_mean": 0.9777777777777776,
  "victim_age_llm_similarity_mean": 0.9976190476190476,
  "victim_age_llm_binary_similarity_mean": 1.0,
  "victim_relation_jaccard_mean": 0.746031746031746,
  "victim_relation_bleu_mean": 0.662498421444341,
  "victim_relation_rouge_1_mean": 0.7585034013605443,
  "victim_relation_rouge_2_mean": 0.6619047619047619,
  "victim_relation_rouge_l_mean": 0.7585034013605443,
  "victim_relation_llm_similarity_mean": 0.8107142857142858,
  "victim_relation_llm_binary_similarity_mean": 0.7857142857142857,
  "incident_location_jaccard_mean": 0.4254080497777976,
  "incident_location_bleu_mean": 0.213256078007095,
  "incident_location_rouge_1_mean": 0.49723353768384826,
  "incident_location_rouge_2_mean": 0.25483887805316374,
  "incident_location_rouge_l_mean": 0.4695884774300924,
  "incident_location_llm_similarity_mean": 0.840952380952381,
  "incident_location_llm_binary_similarity_mean": 0.9047619047619048,
  "area_jaccard_mean": 0.5535714285714286,
  "area_bleu_mean": 0.16610792357833717,
  "area_rouge_1_mean": 0.6031746031746031,
  "area_rouge_2_mean": 0.16666666666666666,
  "area_rouge_l_mean": 0.6031746031746031,
  "area_llm_similarity_mean": 0.8483333333333334,
  "area_llm_binary_similarity_mean": 0.8809523809523809,
  "suspect_description_jaccard_mean": 0.5579004329004329,
  "suspect_description_bleu_mean": 0.5487659236866731,
  "suspect_description_rouge_1_mean": 0.5681818181818181,
  "suspect_description_rouge_2_mean": 0.5476190476190477,
  "suspect_description_rouge_l_mean": 0.5598845598845599,
  "suspect_description_llm_similarity_mean": 0.5804761904761906,
  "suspect_description_llm_binary_similarity_mean": 0.5714285714285714,
  "object_involved_jaccard_mean": 0.44598149866007003,
  "object_involved_bleu_mean": 0.3052325434086215,
  "object_involved_rouge_1_mean": 0.5415532879818594,
  "object_involved_rouge_2_mean": 0.3204365079365079,
  "object_involved_rouge_l_mean": 0.5336167800453515,
  "object_involved_llm_similarity_mean": 0.6854761904761906,
  "object_involved_llm_binary_similarity_mean": 0.6904761904761905,
  "used_weapons_jaccard_mean": 0.7619047619047619,
  "used_weapons_bleu_mean": 0.7423292366905688,
  "used_weapons_rouge_1_mean": 0.7619047619047619,
  "used_weapons_rouge_2_mean": 0.7380952380952381,
  "used_weapons_rouge_l_mean": 0.7619047619047619,
  "used_weapons_llm_similarity_mean": 0.7654761904761904,
  "used_weapons_llm_binary_similarity_mean": 0.7619047619047619,
  "offender_relation_jaccard_mean": 0.6145124716553289,
  "offender_relation_bleu_mean": 0.5985629248532905,
  "offender_relation_rouge_1_mean": 0.6459235209235209,
  "offender_relation_rouge_2_mean": 0.6216931216931216,
  "offender_relation_rouge_l_mean": 0.6459235209235209,
  "offender_relation_llm_similarity_mean": 0.7147619047619048,
  "offender_relation_llm_binary_similarity_mean": 0.6904761904761905,
  "mode_of_threat_jaccard_mean": 0.5522042772042772,
  "mode_of_threat_bleu_mean": 0.4521791874526261,
  "mode_of_threat_rouge_1_mean": 0.6109776466919323,
  "mode_of_threat_rouge_2_mean": 0.5,
  "mode_of_threat_rouge_l_mean": 0.6075762861477146,
  "mode_of_threat_llm_similarity_mean": 0.7666666666666667,
  "mode_of_threat_llm_binary_similarity_mean": 0.7857142857142857,
  "date_of_birth_jaccard_mean": 1.0,
  "date_of_birth_bleu_mean": 1.0,
  "date_of_birth_rouge_1_mean": 1.0,
  "date_of_birth_rouge_2_mean": 1.0,
  "date_of_birth_rouge_l_mean": 1.0,
  "date_of_birth_llm_similarity_mean": 1.0,
  "date_of_birth_llm_binary_similarity_mean": 1.0,
  "generated_event_sub_type_detail_jaccard_mean": 0.5456349206349207,
  "generated_event_sub_type_detail_bleu_mean": 0.4923112556096451,
  "generated_event_sub_type_detail_rouge_1_mean": 0.5634920634920635,
  "generated_event_sub_type_detail_rouge_2_mean": 0.5277777777777778,
  "generated_event_sub_type_detail_rouge_l_mean": 0.5634920634920635,
  "generated_event_sub_type_detail_llm_similarity_mean": 0.6088095238095238,
  "generated_event_sub_type_detail_llm_binary_similarity_mean": 0.6190476190476191,
  "completeness_metrics": {
    "mean_completeness_score": 76.82479557479557,
    "std_completeness_score": 13.354325705681488
  },
  "hallucination_metrics": {
    "total_hallucinated_fields": 62,
    "mean_hallucinated_fields_per_record": 1.4761904761904763,
    "overall_hallucination_percentage": 6.418219461697723,
    "field_wise_hallucination_percentage": {
      "event_type": 0.0,
      "event_sub_type": 0.0,
      "state_of_victim": 9.523809523809524,
      "victim_gender": 0.0,
      "specified_matter": 0.0,
      "date_reference": 0.0,
      "frequency": 0.0,
      "repeat_incident": 4.761904761904762,
      "identification": 26.190476190476193,
      "injury_type": 0.0,
      "victim_age": 0.0,
      "victim_relation": 7.142857142857142,
      "incident_location": 2.380952380952381,
      "area": 7.142857142857142,
      "suspect_description": 0.0,
      "object_involved": 11.904761904761903,
      "date_of_birth": 0.0,
      "used_weapons": 21.428571428571427,
      "offender_relation": 14.285714285714285,
      "mode_of_threat": 9.523809523809524,
      "need_ambulance": 4.761904761904762,
      "children_involved": 9.523809523809524,
      "generated_event_sub_type_detail": 19.047619047619047
    }
  },
  "missing_from_llm_metrics": {
    "total_missing_from_llm_fields": 109,