{
  "event_type_strict_accuracy": 0.9047619047619048,
  "event_sub_type_strict_accuracy": 0.8571428571428571,
  "state_of_victim_strict_accuracy": 0.8571428571428571,
  "victim_gender_strict_accuracy": 0.8333333333333334,
  "need_ambulance_strict_accuracy": 1.0,
  "children_involved_strict_accuracy": 1.0,
  "repeat_incident_strict_accuracy": 0.9523809523809523,
  "event_type_fuzzy_accuracy": 0.9154761904761906,
  "event_sub_type_fuzzy_accuracy": 0.8947619047619048,
  "specified_matter_jaccard_mean": 0.26866417929548864,
  "specified_matter_bleu_mean": 0.07084812647452773,
  "specified_matter_rouge_1_mean": 0.3854287520899013,
  "specified_matter_rouge_2_mean": 0.13793590579846685,
  "specified_matter_rouge_l_mean": 0.28104979052663825,
  "specified_matter_llm_similarity_mean": 0.8907142857142858,
  "specified_matter_llm_binary_similarity_mean": 1.0,
  "date_reference_jaccard_mean": 0.8021026592455163,
  "date_reference_bleu_mean": 0.7035954884414701,
  "date_reference_rouge_1_mean": 0.8115646258503402,
  "date_reference_rouge_2_mean": 0.7051282051282051,
  "date_reference_rouge_l_mean": 0.8115646258503402,
  "date_reference_llm_similarity_mean": 0.8590476190476191,
  "date_reference_llm_binary_similarity_mean": 0.8333333333333334,
  "frequency_jaccard_mean": 0.7142857142857143,
  "frequency_bleu_mean": 0.6784298977862078,
  "frequency_rouge_1_mean": 0.7142857142857143,
  "frequency_rouge_2_mean": 0.6904761904761905,
  "frequency_rouge_l_mean": 0.7142857142857143,
  "frequency_llm_similarity_mean": 0.8478571428571429,
  "frequency_llm_binary_similarity_mean": 0.8571428571428571,
  "identification_jaccard_mean": 0.904421768707483,
  "identification_bleu_mean": 0.5443126196922653,
  "identification_rouge_1_mean": 0.9321219715956557,
  "identification_rouge_2_mean": 0.7198879551820728,
  "identification_rouge_l_mean": 0.9321219715956557,
  "identification_llm_similarity_mean": 0.9576190476190476,
  "identification_llm_binary_similarity_mean": 0.9761904761904762,
  "injury_type_jaccard_mean": 0.9066558441558441,
  "injury_type_bleu_mean": 0.8874468006323174,
  "injury_type_rouge_1_mean": 0.9169973544973544,
  "injury_type_rouge_2_mean": 0.8996598639455782,
  "injury_type_rouge_l_mean": 0.9169973544973544,
  "injury_type_llm_similarity_mean": 0.9400000000000001,
  "injury_type_llm_binary_similarity_mean": 0.9523809523809523,
  "victim_age_jaccard_mean": 0.9761904761904762,
  "victim_age_bleu_mean": 0.9566149509762831,
  "victim_age_rouge_1_mean": 0.992063492063492,
  "victim_age_rouge_2_mean": 0.9523809523809523,
  "victim_age_rouge_l_mean": 0.992063492063492,
  "victim_age_llm_similarity_mean": 0.9976190476190476,
  "victim_age_llm_binary_similarity_mean": 1.0,
  "victim_relation_jaccard_mean": 0.8869047619047619,
  "victim_relation_bleu_mean": 0.6962651341933297,
  "victim_relation_rouge_1_mean": 0.8904761904761904,
  "victim_relation_rouge_2_mean": 0.6666666666666666,
  "victim_relation_rouge_l_mean": 0.8904761904761904,
  "victim_relation_llm_similarity_mean": 0.9166666666666666,
  "victim_relation_llm_binary_similarity_mean": 0.9047619047619048,
  "incident_location_jaccard_mean": 0.475063344820378,
  "incident_location_bleu_mean": 0.21001686418194201,
  "incident_location_rouge_1_mean": 0.576865512586801,
  "incident_location_rouge_2_mean": 0.302128586274549,
  "incident_location_rouge_l_mean": 0.513251373587508,
  "incident_location_llm_similarity_mean": 0.8690476190476188,
  "incident_location_llm_binary_similarity_mean": 0.8809523809523809,
  "area_jaccard_mean": 0.640079365079365,
  "area_bleu_mean": 0.2688036139998436,
  "area_rouge_1_mean": 0.7293650793650793,
  "area_rouge_2_mean": 0.24999999999999994,
  "area_rouge_l_mean": 0.7293650793650793,
  "area_llm_similarity_mean": 0.893095238095238,
  "area_llm_binary_similarity_mean": 0.9047619047619048,
  "suspect_description_jaccard_mean": 0.5877898617836698,
  "suspect_description_bleu_mean": 0.5285594540341104,
  "suspect_description_rouge_1_mean": 0.6218820861678005,
  "suspect_description_rouge_2_mean": 0.5277262420119563,
  "suspect_description_rouge_l_mean": 0.615079365079365,
  "suspect_description_llm_similarity_mean": 0.6764285714285714,
  "suspect_description_llm_binary_similarity_mean": 0.6904761904761905,
  "object_involved_jaccard_mean": 0.65854119425548,
  "object_involved_bleu_mean": 0.4316600692453011,
  "object_involved_rouge_1_mean": 0.7278349956921385,
  "object_involved_rouge_2_mean": 0.4246031746031746,
  "object_involved_rouge_l_mean": 0.704241922099065,
  "object_involved_llm_similarity_mean": 0.8802380952380953,
  "object_involved_llm_binary_similarity_mean": 0.9047619047619048,
  "used_weapons_jaccard_mean": 0.9365079365079365,
  "used_weapons_bleu_mean": 0.909568912756358,
  "used_weapons_rouge_1_mean": 0.9444444444444444,
  "used_weapons_rouge_2_mean": 0.9047619047619048,
  "used_weapons_rouge_l_mean": 0.9444444444444444,
  "used_weapons_llm_similarity_mean": 0.9380952380952381,
  "used_weapons_llm_binary_similarity_mean": 0.9285714285714286,
  "offender_relation_jaccard_mean": 0.8968253968253967,
  "offender_relation_bleu_mean": 0.7689097980789728,
  "offender_relation_rouge_1_mean": 0.9087301587301588,
  "offender_relation_rouge_2_mean": 0.7619047619047619,
  "offender_relation_rouge_l_mean": 0.9087301587301588,
  "offender_relation_llm_similarity_mean": 0.9661904761904762,
  "offender_relation_llm_binary_similarity_mean": 0.9761904761904762,
  "mode_of_threat_jaccard_mean": 0.6616238919810348,
  "mode_of_threat_bleu_mean": 0.5318410490704158,
  "mode_of_threat_rouge_1_mean": 0.7137830345813538,
  "mode_of_threat_rouge_2_mean": 0.6043290043290044,
  "mode_of_threat_rouge_l_mean": 0.701878272676592,
  "mode_of_threat_llm_similarity_mean": 0.8469047619047619,
  "mode_of_threat_llm_binary_similarity_mean": 0.8571428571428571,
  "date_of_birth_jaccard_mean": 1.0,
  "date_of_birth_bleu_mean": 1.0,
  "date_of_birth_rouge_1_mean": 1.0,
  "date_of_birth_rouge_2_mean": 1.0,
  "date_of_birth_rouge_l_mean": 1.0,
  "date_of_birth_llm_similarity_mean": 1.0,
  "date_of_birth_llm_binary_similarity_mean": 1.0,
  "generated_event_sub_type_detail_jaccard_mean": 0.7797619047619048,
  "generated_event_sub_type_detail_bleu_mean": 0.6740909680847628,
  "generated_event_sub_type_detail_rouge_1_mean": 0.819047619047619,
  "generated_event_sub_type_detail_rouge_2_mean": 0.753968253968254,
  "generated_event_sub_type_detail_rouge_l_mean": 0.819047619047619,
  "generated_event_sub_type_detail_llm_similarity_mean": 0.8714285714285714,
  "generated_event_sub_type_detail_llm_binary_similarity_mean": 0.8809523809523809,
  "completeness_metrics": {
    "mean_completeness_score": 92.90159575873861,
    "std_completeness_score": 8.702296042782176
  },
  "hallucination_metrics": {
    "total_hallucinated_fields": 24,
    "mean_hallucinated_fields_per_record": 0.5714285714285714,
    "overall_hallucination_percentage": 2.484472049689441,
    "field_wise_hallucination_percentage": {
      "event_type": 0.0,
      "event_sub_type": 0.0,
      "state_of_victim": 9.523809523809524,
      "victim_gender": 7.142857142857142,
      "specified_matter": 0.0,
      "date_reference": 4.761904761904762,
      "frequency": 4.761904761904762,
      "repeat_incident": 4.761904761904762,
      "identification": 0.0,
      "injury_type": 2.380952380952381,
      "victim_age": 0.0,
      "victim_relation": 7.142857142857142,
      "incident_location": 0.0,
      "area": 0.0,
      "suspect_description": 4.761904761904762,
      "object_involved": 2.380952380952381,
      "date_of_birth": 0.0,
      "used_weapons": 4.761904761904762,
      "offender_relation": 0.0,
      "mode_of_threat": 2.380952380952381,
      "need_ambulance": 0.0,
      "children_involved": 0.0,
      "generated_event_sub_type_detail": 2.380952380952381
    }
  },
  "missing_from_llm_metrics": {
    "total_missing_from_llm_fields": 32,
    "mean_missing_from_llm_fields_per_record": 0.7619047619047619
  },