{
  "event_type_strict_accuracy": 0.42857142857142855,
  "event_sub_type_strict_accuracy": 0.2857142857142857,
  "state_of_victim_strict_accuracy": 0.5714285714285714,
  "victim_gender_strict_accuracy": 0.5238095238095238,
  "need_ambulance_strict_accuracy": 0.8571428571428571,
  "children_involved_strict_accuracy": 0.8571428571428571,
  "repeat_incident_strict_accuracy": 0.8095238095238095,
  "event_type_fuzzy_accuracy": 0.5183333333333333,
  "event_sub_type_fuzzy_accuracy": 0.4547619047619048,
  "specified_matter_jaccard_mean": 0.1275207956858852,
  "specified_matter_bleu_mean": 0.012839281218833397,
  "specified_matter_rouge_1_mean": 0.2023426841579674,
  "specified_matter_rouge_2_mean": 0.04364232403103187,
  "specified_matter_rouge_l_mean": 0.146995927668716,
  "specified_matter_llm_similarity_mean": 0.8442857142857143,
  "specified_matter_llm_binary_similarity_mean": 0.9285714285714286,
  "date_reference_jaccard_mean": 0.7142857142857143,
  "date_reference_bleu_mean": 0.7142857142857143,
  "date_reference_rouge_1_mean": 0.7142857142857143,
  "date_reference_rouge_2_mean": 0.7142857142857143,
  "date_reference_rouge_l_mean": 0.7142857142857143,
  "date_reference_llm_similarity_mean": 0.7142857142857143,
  "date_reference_llm_binary_similarity_mean": 0.7142857142857143,
  "frequency_jaccard_mean": 0.7142857142857143,
  "frequency_bleu_mean": 0.7142857142857143,
  "frequency_rouge_1_mean": 0.7142857142857143,
  "frequency_rouge_2_mean": 0.7142857142857143,
  "frequency_rouge_l_mean": 0.7142857142857143,
  "frequency_llm_similarity_mean": 0.7142857142857143,
  "frequency_llm_binary_similarity_mean": 0.7142857142857143,
  "identification_jaccard_mean": 0.6662698412698413,
  "identification_bleu_mean": 0.321102304071128,
  "identification_rouge_1_mean": 0.6856573251310094,
  "identification_rouge_2_mean": 0.5214752567693743,
  "identification_rouge_l_mean": 0.6856573251310094,
  "identification_llm_similarity_mean": 0.725952380952381,
  "identification_llm_binary_similarity_mean": 0.7380952380952381,
  "injury_type_jaccard_mean": 0.9134199134199134,
  "injury_type_bleu_mean": 0.9056922333927269,
  "injury_type_rouge_1_mean": 0.9157509157509157,
  "injury_type_rouge_2_mean": 0.9047619047619048,
  "injury_type_rouge_l_mean": 0.9157509157509157,
  "injury_type_llm_similarity_mean": 0.9630952380952381,
  "injury_type_llm_binary_similarity_mean": 0.9761904761904762,
  "victim_age_jaccard_mean": 0.9642857142857143,
  "victim_age_bleu_mean": 0.9539385534181234,
  "victim_age_rouge_1_mean": 0.9682539682539684,
  "victim_age_rouge_2_mean": 0.9523809523809523,
  "victim_age_rouge_l_mean": 0.9682539682539684,
  "victim_age_llm_similarity_mean": 0.997142857142857,
  "victim_age_llm_binary_similarity_mean": 1.0,
  "victim_relation_jaccard_mean": 0.7698412698412699,
  "victim_relation_bleu_mean": 0.6863079452538647,
  "victim_relation_rouge_1_mean": 0.7823129251700681,
  "victim_relation_rouge_2_mean": 0.6857142857142857,
  "victim_relation_rouge_l_mean": 0.7823129251700681,
  "victim_relation_llm_similarity_mean": 0.8309523809523809,
  "victim_relation_llm_binary_similarity_mean": 0.8333333333333334,
  "incident_location_jaccard_mean": 0.43383369276226413,
  "incident_location_bleu_mean": 0.21576068642548718,
  "incident_location_rouge_1_mean": 0.5024957185671473,
  "incident_location_rouge_2_mean": 0.25663324074978205,
  "incident_location_rouge_l_mean": 0.4632129114271971,
  "incident_location_llm_similarity_mean": 0.8500000000000001,
  "incident_location_llm_binary_similarity_mean": 0.9047619047619048,
  "area_jaccard_mean": 0.544047619047619,
  "area_bleu_mean": 0.18778075483641968,
  "area_rouge_1_mean": 0.5997732426303855,
  "area_rouge_2_mean": 0.20952380952380953,
  "area_rouge_l_mean": 0.5997732426303855,
  "area_llm_similarity_mean": 0.835,
  "area_llm_binary_similarity_mean": 0.8571428571428571,
  "suspect_description_jaccard_mean": 0.5504307783719549,
  "suspect_description_bleu_mean": 0.5281789956089266,
  "suspect_description_rouge_1_mean": 0.5681818181818181,
  "suspect_description_rouge_2_mean": 0.5339105339105339,
  "suspect_description_rouge_l_mean": 0.5579004329004329,
  "suspect_description_llm_similarity_mean": 0.600952380952381,
  "suspect_description_llm_binary_similarity_mean": 0.5952380952380952,
  "object_involved_jaccard_mean": 0.4623174774960489,
  "object_involved_bleu_mean": 0.3277315644294759,
  "object_involved_rouge_1_mean": 0.5478458049886622,
  "object_involved_rouge_2_mean": 0.35376984126984123,
  "object_involved_rouge_l_mean": 0.5399092970521542,
  "object_involved_llm_similarity_mean": 0.6864285714285714,
  "object_involved_llm_binary_similarity_mean": 0.6904761904761905,
  "used_weapons_jaccard_mean": 0.8174603174603176,
  "used_weapons_bleu_mean": 0.7905212937087389,
  "used_weapons_rouge_1_mean": 0.8253968253968254,
  "used_weapons_rouge_2_mean": 0.7857142857142857,
  "used_weapons_rouge_l_mean": 0.8253968253968254,
  "used_weapons_llm_similarity_mean": 0.8285714285714285,
  "used_weapons_llm_binary_similarity_mean": 0.8333333333333334,
  "offender_relation_jaccard_mean": 0.6649659863945578,
  "offender_relation_bleu_mean": 0.6456429858912068,
  "offender_relation_rouge_1_mean": 0.6990981240981241,
  "offender_relation_rouge_2_mean": 0.6693121693121693,
  "offender_relation_rouge_l_mean": 0.6990981240981241,
  "offender_relation_llm_similarity_mean": 0.7571428571428571,
  "offender_relation_llm_binary_similarity_mean": 0.7619047619047619,
  "mode_of_threat_jaccard_mean": 0.5253885003885004,
  "mode_of_threat_bleu_mean": 0.42730698837218484,
  "mode_of_threat_rouge_1_mean": 0.5839729054014768,
  "mode_of_threat_rouge_2_mean": 0.47619047619047616,
  "mode_of_threat_rouge_l_mean": 0.5805715448572591,
  "mode_of_threat_llm_similarity_mean": 0.7361904761904763,
  "mode_of_threat_llm_binary_similarity_mean": 0.7380952380952381,
  "date_of_birth_jaccard_mean": 1.0,
  "date_of_birth_bleu_mean": 1.0,
  "date_of_birth_rouge_1_mean": 1.0,
  "date_of_birth_rouge_2_mean": 1.0,
  "date_of_birth_rouge_l_mean": 1.0,
  "date_of_birth_llm_similarity_mean": 1.0,
  "date_of_birth_llm_binary_similarity_mean": 1.0,
  "generated_event_sub_type_detail_jaccard_mean": 0.5456349206349207,
  "generated_event_sub_type_detail_bleu_mean": 0.4923112556096451,
  "generated_event_sub_type_detail_rouge_1_mean": 0.5634920634920635,
  "generated_event_sub_type_detail_rouge_2_mean": 0.5277777777777778,
  "generated_event_sub_type_detail_rouge_l_mean": 0.5634920634920635,
  "generated_event_sub_type_detail_llm_similarity_mean": 0.6090476190476191,
  "generated_event_sub_type_detail_llm_binary_similarity_mean": 0.6190476190476191,
  "completeness_metrics": {
    "mean_completeness_score": 76.7832597296883,
    "std_completeness_score": 13.703272126447118
  },
  "hallucination_metrics": {
    "total_hallucinated_fields": 54,
    "mean_hallucinated_fields_per_record": 1.2857142857142858,
    "overall_hallucination_percentage": 5.590062111801243,
    "field_wise_hallucination_percentage": {
      "event_type": 0.0,
      "event_sub_type": 0.0,
      "state_of_victim": 9.523809523809524,
      "victim_gender": 0.0,
      "specified_matter": 0.0,
      "date_reference": 0.0,
      "frequency": 0.0,
      "repeat_incident": 4.761904761904762,
      "identification": 21.428571428571427,
      "injury_type": 0.0,
      "victim_age": 0.0,
      "victim_relation": 4.761904761904762,
      "incident_location": 0.0,
      "area": 4.761904761904762,
      "suspect_description": 2.380952380952381,
      "object_involved": 9.523809523809524,
      "date_of_birth": 0.0,
      "used_weapons": 16.666666666666664,
      "offender_relation": 9.523809523809524,
      "mode_of_threat": 11.904761904761903,
      "need_ambulance": 7.142857142857142,
      "children_involved": 7.142857142857142,
      "generated_event_sub_type_detail": 19.047619047619047
    }
  },
  "missing_from_llm_metrics": {
    "total_missing_from_llm_fields": 108,