{
  "event_type_strict_accuracy": 0.8809523809523809,
  "event_sub_type_strict_accuracy": 0.8571428571428571,
  "state_of_victim_strict_accuracy": 0.8333333333333334,
  "victim_gender_strict_accuracy": 0.8333333333333334,
  "need_ambulance_strict_accuracy": 0.9285714285714286,
  "children_involved_strict_accuracy": 1.0,
  "repeat_incident_strict_accuracy": 0.8809523809523809,
  "event_type_fuzzy_accuracy": 0.9066666666666666,
  "event_sub_type_fuzzy_accuracy": 0.8816666666666667,
  "specified_matter_jaccard_mean": 0.2465450821433297,
  "specified_matter_bleu_mean": 0.061934138417963344,
  "specified_matter_rouge_1_mean": 0.35800198575864456,
  "specified_matter_rouge_2_mean": 0.12339757636879979,
  "specified_matter_rouge_l_mean": 0.26447571715107726,
  "specified_matter_llm_similarity_mean": 0.8904761904761904,
  "specified_matter_llm_binary_similarity_mean": 1.0,
  "date_reference_jaccard_mean": 0.765873015873016,
  "date_reference_bleu_mean": 0.673901411772818,
  "date_reference_rouge_1_mean": 0.7698412698412698,
  "date_reference_rouge_2_mean": 0.6714285714285714,
  "date_reference_rouge_l_mean": 0.7698412698412698,
  "date_reference_llm_similarity_mean": 0.8230952380952381,
  "date_reference_llm_binary_similarity_mean": 0.8095238095238095,
  "frequency_jaccard_mean": 0.6904761904761905,
  "frequency_bleu_mean": 0.6709006652619974,
  "frequency_rouge_1_mean": 0.7063492063492063,
  "frequency_rouge_2_mean": 0.6666666666666666,
  "frequency_rouge_l_mean": 0.7063492063492063,
  "frequency_llm_similarity_mean": 0.8169047619047619,
  "frequency_llm_binary_similarity_mean": 0.8333333333333334,
  "identification_jaccard_mean": 0.904421768707483,
  "identification_bleu_mean": 0.5443126196922653,
  "identification_rouge_1_mean": 0.9321219715956557,
  "identification_rouge_2_mean": 0.7198879551820728,
  "identification_rouge_l_mean": 0.9321219715956557,
  "identification_llm_similarity_mean": 0.9611904761904762,
  "identification_llm_binary_similarity_mean": 0.9761904761904762,
  "injury_type_jaccard_mean": 0.9304653679653679,
  "injury_type_bleu_mean": 0.9112563244418412,
  "injury_type_rouge_1_mean": 0.9408068783068783,
  "injury_type_rouge_2_mean": 0.923469387755102,
  "injury_type_rouge_l_mean": 0.9408068783068783,
  "injury_type_llm_similarity_mean": 0.9666666666666667,
  "injury_type_llm_binary_similarity_mean": 0.9761904761904762,
  "victim_age_jaccard_mean": 0.9761904761904762,
  "victim_age_bleu_mean": 0.9566149509762831,
  "victim_age_rouge_1_mean": 0.992063492063492,
  "victim_age_rouge_2_mean": 0.9523809523809523,
  "victim_age_rouge_l_mean": 0.992063492063492,
  "victim_age_llm_similarity_mean": 0.9980952380952381,
  "victim_age_llm_binary_similarity_mean": 1.0,
  "victim_relation_jaccard_mean": 0.8869047619047619,
  "victim_relation_bleu_mean": 0.7066855788316546,
  "victim_relation_rouge_1_mean": 0.8904761904761904,
  "victim_relation_rouge_2_mean": 0.6666666666666666,
  "victim_relation_rouge_l_mean": 0.8904761904761904,
  "victim_relation_llm_similarity_mean": 0.9380952380952382,
  "victim_relation_llm_binary_similarity_mean": 0.9285714285714286,
  "incident_location_jaccard_mean": 0.46677315617304654,
  "incident_location_bleu_mean": 0.2187753110292604,
  "incident_location_rouge_1_mean": 0.5645306516805116,
  "incident_location_rouge_2_mean": 0.29727514966236773,
  "incident_location_rouge_l_mean": 0.5117043359690419,
  "incident_location_llm_similarity_mean": 0.8611904761904763,
  "incident_location_llm_binary_similarity_mean": 0.9047619047619048,
  "area_jaccard_mean": 0.6257936507936508,
  "area_bleu_mean": 0.2597927440134464,
  "area_rouge_1_mean": 0.7206349206349206,
  "area_rouge_2_mean": 0.25396825396825395,
  "area_rouge_l_mean": 0.7206349206349206,
  "area_llm_similarity_mean": 0.8892857142857143,
  "area_llm_binary_similarity_mean": 0.9285714285714286,
  "suspect_description_jaccard_mean": 0.6117560271972037,
  "suspect_description_bleu_mean": 0.5764622781263653,
  "suspect_description_rouge_1_mean": 0.6520297163154306,
  "suspect_description_rouge_2_mean": 0.5846560846560847,
  "suspect_description_rouge_l_mean": 0.6408979908979908,
  "suspect_description_llm_similarity_mean": 0.7195238095238095,
  "suspect_description_llm_binary_similarity_mean": 0.7142857142857143,
  "object_involved_jaccard_mean": 0.6753142777578868,
  "object_involved_bleu_mean": 0.43391374184587245,
  "object_involved_rouge_1_mean": 0.7477999513713799,
  "object_involved_rouge_2_mean": 0.43452380952380953,
  "object_involved_rouge_l_mean": 0.7242068777783064,
  "object_involved_llm_similarity_mean": 0.9104761904761905,
  "object_involved_llm_binary_similarity_mean": 0.9285714285714286,
  "used_weapons_jaccard_mean": 0.9365079365079365,
  "used_weapons_bleu_mean": 0.909568912756358,
  "used_weapons_rouge_1_mean": 0.9444444444444444,
  "used_weapons_rouge_2_mean": 0.9047619047619048,
  "used_weapons_rouge_l_mean": 0.9444444444444444,
  "used_weapons_llm_similarity_mean": 0.9392857142857144,
  "used_weapons_llm_binary_similarity_mean": 0.9285714285714286,
  "offender_relation_jaccard_mean": 0.8746031746031746,
  "offender_relation_bleu_mean": 0.7447001739154105,
  "offender_relation_rouge_1_mean": 0.888888888888889,
  "offender_relation_rouge_2_mean": 0.7380952380952381,
  "offender_relation_rouge_l_mean": 0.888888888888889,
  "offender_relation_llm_similarity_mean": 0.9411904761904762,
  "offender_relation_llm_binary_similarity_mean": 0.9523809523809523,
  "mode_of_threat_jaccard_mean": 0.6661590393733251,
  "mode_of_threat_bleu_mean": 0.5353525895097375,
  "mode_of_threat_rouge_1_mean": 0.7240128840969178,
  "mode_of_threat_rouge_2_mean": 0.6006253006253006,
  "mode_of_threat_rouge_l_mean": 0.7121081221921559,
  "mode_of_threat_llm_similarity_mean": 0.8483333333333333,
  "mode_of_threat_llm_binary_similarity_mean": 0.8809523809523809,
  "date_of_birth_jaccard_mean": 1.0,
  "date_of_birth_bleu_mean": 1.0,
  "date_of_birth_rouge_1_mean": 1.0,
  "date_of_birth_rouge_2_mean": 1.0,
  "date_of_birth_rouge_l_mean": 1.0,
  "date_of_birth_llm_similarity_mean": 1.0,
  "date_of_birth_llm_binary_similarity_mean": 1.0,
  "generated_event_sub_type_detail_jaccard_mean": 0.7698412698412698,
  "generated_event_sub_type_detail_bleu_mean": 0.6728273740074302,
  "generated_event_sub_type_detail_rouge_1_mean": 0.8166666666666667,
  "generated_event_sub_type_detail_rouge_2_mean": 0.7301587301587302,
  "generated_event_sub_type_detail_rouge_l_mean": 0.8166666666666667,
  "generated_event_sub_type_detail_llm_similarity_mean": 0.8738095238095237,
  "generated_event_sub_type_detail_llm_binary_similarity_mean": 0.9047619047619048,
  "completeness_metrics": {
    "mean_completeness_score": 91.43283303997589,
    "std_completeness_score": 9.951995897632727
  },
  "hallucination_metrics": {
    "total_hallucinated_fields": 24,
    "mean_hallucinated_fields_per_record": 0.5714285714285714,
    "overall_hallucination_percentage": 2.484472049689441,
    "field_wise_hallucination_percentage": {
      "event_type": 0.0,
      "event_sub_type": 0.0,
      "state_of_victim": 9.523809523809524,
      "victim_gender": 7.142857142857142,
      "specified_matter": 0.0,
      "date_reference": 7.142857142857142,
      "frequency": 4.761904761904762,
      "repeat_incident": 7.142857142857142,
      "identification": 0.0,
      "injury_type": 0.0,
      "victim_age": 0.0,
      "victim_relation": 4.761904761904762,
      "incident_location": 0.0,
      "area": 0.0,
      "suspect_description": 0.0,
      "object_involved": 2.380952380952381,
      "date_of_birth": 0.0,
      "used_weapons": 4.761904761904762,
      "offender_relation": 2.380952380952381,
      "mode_of_threat": 2.380952380952381,
      "need_ambulance": 2.380952380952381,
      "children_involved": 0.0,
      "generated_event_sub_type_detail": 2.380952380952381
    }
  },
  "missing_from_llm_metrics": {
    "total_missing_from_llm_fields": 39,
    "mean_missing_from_llm_fields_per_record": 0.9285714285714286
  },