{
  "event_type_strict_accuracy": 0.5866666666666667,
  "event_type_fuzzy_accuracy": 0.6672,
  "event_sub_type_strict_accuracy": 0.38666666666666666,
  "event_sub_type_fuzzy_accuracy": 0.6114666666666667,
  "state_of_victim_strict_accuracy": 0.24,
  "victim_gender_strict_accuracy": 0.52,
  "specified_matter_jaccard_mean": 0.336434454110554,
  "specified_matter_bleu_mean": 0.15519741451725236,
  "specified_matter_rouge_1_mean": 0.4761111234892576,
  "specified_matter_rouge_2_mean": 0.24856290573730178,
  "specified_matter_rouge_l_mean": 0.4186817102902834,
  "specified_matter_llm_similarity_mean": 0.9256666666666664,
  "date_reference_jaccard_mean": 0.06,
  "date_reference_bleu_mean": 0.06,
  "date_reference_rouge_1_mean": 0.06,
  "date_reference_rouge_2_mean": 0.06,
  "date_reference_rouge_l_mean": 0.06,
  "date_reference_llm_similarity_mean": 0.06,
  "frequency_jaccard_mean": 0.0,
  "frequency_bleu_mean": 0.0,
  "frequency_rouge_1_mean": 0.0,
  "frequency_rouge_2_mean": 0.0,
  "frequency_rouge_l_mean": 0.0,
  "frequency_llm_similarity_mean": 0.0,
  "repeat_incident_jaccard_mean": 0.0,
  "repeat_incident_bleu_mean": 0.0,
  "repeat_incident_rouge_1_mean": 0.0,
  "repeat_incident_rouge_2_mean": 0.0,
  "repeat_incident_rouge_l_mean": 0.0,
  "repeat_incident_llm_similarity_mean": 0.0,
  "identification_jaccard_mean": 0.10777777777777776,
  "identification_bleu_mean": 0.021958748482695193,
  "identification_rouge_1_mean": 0.10666666613333332,
  "identification_rouge_2_mean": 0.0199999999,
  "identification_rouge_l_mean": 0.10666666613333332,
  "identification_llm_similarity_mean": 0.11913333333333334,
  "injury_type_jaccard_mean": 0.07622222222222222,
  "injury_type_bleu_mean": 0.04274160457044143,
  "injury_type_rouge_1_mean": 0.040333333267999996,
  "injury_type_rouge_2_mean": 0.03333333333333333,
  "injury_type_rouge_l_mean": 0.040333333267999996,
  "injury_type_llm_similarity_mean": 0.0964,
  "victim_age_jaccard_mean": 0.12888888888888891,
  "victim_age_bleu_mean": 0.10879559775441294,
  "victim_age_rouge_1_mean": 0.1333333331,
  "victim_age_rouge_2_mean": 0.11333333323333332,
  "victim_age_rouge_l_mean": 0.1333333331,
  "victim_age_llm_similarity_mean": 0.15066666666666667,
  "victim_relation_jaccard_mean": 0.34222222222222226,
  "victim_relation_bleu_mean": 0.24209683249811206,
  "victim_relation_rouge_1_mean": 0.336666666075,
  "victim_relation_rouge_2_mean": 0.22,
  "victim_relation_rouge_l_mean": 0.336666666075,
  "victim_relation_llm_similarity_mean": 0.3592666666666667,
  "incident_location_jaccard_mean": 0.56149518999519,
  "incident_location_bleu_mean": 0.3591461634306256,
  "incident_location_rouge_1_mean": 0.6344595557223202,
  "incident_location_rouge_2_mean": 0.4943317406959873,
  "incident_location_rouge_l_mean": 0.6179411667039312,
  "incident_location_llm_similarity_mean": 0.8695333333333334,
  "area_jaccard_mean": 0.5993333333333333,
  "area_bleu_mean": 0.3443691423168654,
  "area_rouge_1_mean": 0.5831111092578148,
  "area_rouge_2_mean": 0.5744444426564814,
  "area_rouge_l_mean": 0.5831111092578148,
  "area_llm_similarity_mean": 0.6190666666666665,
  "suspect_description_jaccard_mean": 0.11855555555555554,
  "suspect_description_bleu_mean": 0.04804137384030856,
  "suspect_description_rouge_1_mean": 0.1323174595077506,
  "suspect_description_rouge_2_mean": 0.08466666618450001,
  "suspect_description_rouge_l_mean": 0.1323174595077506,
  "suspect_description_llm_similarity_mean": 0.16166666666666665,
  "object_involved_jaccard_mean": 0.2788809523809524,
  "object_involved_bleu_mean": 0.10326690984761325,
  "object_involved_rouge_1_mean": 0.31794609768182275,
  "object_involved_rouge_2_mean": 0.11962962886929632,
  "object_involved_rouge_l_mean": 0.31572387545960046,
  "object_involved_llm_similarity_mean": 0.397,
  "used_weapons_jaccard_mean": 0.041111111111111105,
  "used_weapons_bleu_mean": 0.013173329847203952,
  "used_weapons_rouge_1_mean": 0.045333333112444446,
  "used_weapons_rouge_2_mean": 0.0133333333,
  "used_weapons_rouge_l_mean": 0.045333333112444446,
  "used_weapons_llm_similarity_mean": 0.07313333333333333,
  "offender_relation_jaccard_mean": 0.08344444444444443,
  "offender_relation_bleu_mean": 0.06377388230974114,
  "offender_relation_rouge_1_mean": 0.08799999982444445,
  "offender_relation_rouge_2_mean": 0.06444444441481482,
  "offender_relation_rouge_l_mean": 0.08799999982444445,
  "offender_relation_llm_similarity_mean": 0.11413333333333334,
  "mode_of_threat_jaccard_mean": 0.07577777777777778,
  "mode_of_threat_bleu_mean": 0.030828641555873056,
  "mode_of_threat_rouge_1_mean": 0.09133333269274076,
  "mode_of_threat_rouge_2_mean": 0.05111111085185185,
  "mode_of_threat_rouge_l_mean": 0.09133333269274076,
  "mode_of_threat_llm_similarity_mean": 0.20940000000000003,
  "need_ambulance_jaccard_mean": 0.02666666666666667,
  "need_ambulance_bleu_mean": 0.004742078426770461,
  "need_ambulance_rouge_1_mean": 0.026666666533333334,
  "need_ambulance_rouge_2_mean": 0.0,
  "need_ambulance_rouge_l_mean": 0.026666666533333334,
  "need_ambulance_llm_similarity_mean": 0.02666666666666667,
  "children_involved_jaccard_mean": 0.1688888888888889,
  "children_involved_bleu_mean": 0.15835705001887496,
  "children_involved_rouge_1_mean": 0.1755555553962963,
  "children_involved_rouge_2_mean": 0.15333333333333332,
  "children_involved_rouge_l_mean": 0.1755555553962963,
  "children_involved_llm_similarity_mean": 0.18446666666666667,
  "date_of_birth_jaccard_mean": 1.0,
  "date_of_birth_bleu_mean": 1.0,
  "date_of_birth_rouge_1_mean": 1.0,
  "date_of_birth_rouge_2_mean": 1.0,
  "date_of_birth_rouge_l_mean": 1.0,
  "date_of_birth_llm_similarity_mean": 1.0,
  "generated_event_sub_type_detail_jaccard_mean": 0.002444444444444445,
  "generated_event_sub_type_detail_bleu_mean": 0.0009094965504975589,
  "generated_event_sub_type_detail_rouge_1_mean": 0.004126984064701437,
  "generated_event_sub_type_detail_rouge_2_mean": 0.0,
  "generated_event_sub_type_detail_rouge_l_mean": 0.004126984064701437,
  "generated_event_sub_type_detail_llm_similarity_mean": 0.0198
}