{
  "event_type_strict_accuracy": 0.5714285714285714,
  "event_sub_type_strict_accuracy": 0.5,
  "state_of_victim_strict_accuracy": 0.6428571428571429,
  "victim_gender_strict_accuracy": 0.6190476190476191,
  "need_ambulance_strict_accuracy": 0.8571428571428571,
  "children_involved_strict_accuracy": 0.9047619047619048,
  "repeat_incident_strict_accuracy": 0.7857142857142857,
  "event_type_fuzzy_accuracy": 0.6269047619047619,
  "event_sub_type_fuzzy_accuracy": 0.6530952380952381,
  "specified_matter_jaccard_mean": 0.16375209021530743,
  "specified_matter_bleu_mean": 0.016996681555136353,
  "specified_matter_rouge_1_mean": 0.23493083681456947,
  "specified_matter_rouge_2_mean": 0.05850013975362378,
  "specified_matter_rouge_l_mean": 0.15846077006394907,
  "specified_matter_llm_similarity_mean": 0.832857142857143,
  "specified_matter_llm_binary_similarity_mean": 0.9523809523809523,
  "date_reference_jaccard_mean": 0.7261904761904762,
  "date_reference_bleu_mean": 0.7178460685267172,
  "date_reference_rouge_1_mean": 0.7301587301587301,
  "date_reference_rouge_2_mean": 0.7142857142857143,
  "date_reference_rouge_l_mean": 0.7301587301587301,
  "date_reference_llm_similarity_mean": 0.7602380952380953,
  "date_reference_llm_binary_similarity_mean": 0.7619047619047619,
  "frequency_jaccard_mean": 0.73992673992674,
  "frequency_bleu_mean": 0.7185197388956316,
  "frequency_rouge_1_mean": 0.7428571428571429,
  "frequency_rouge_2_mean": 0.7142857142857143,
  "frequency_rouge_l_mean": 0.7428571428571429,
  "frequency_llm_similarity_mean": 0.7607142857142857,
  "frequency_llm_binary_similarity_mean": 0.7619047619047619,
  "identification_jaccard_mean": 0.8154761904761905,
  "identification_bleu_mean": 0.4837462223219585,
  "identification_rouge_1_mean": 0.8453494848231691,
  "identification_rouge_2_mean": 0.688141923436041,
  "identification_rouge_l_mean": 0.8453494848231691,
  "identification_llm_similarity_mean": 0.8964285714285716,
  "identification_llm_binary_similarity_mean": 0.9047619047619048,
  "injury_type_jaccard_mean": 0.6765873015873015,
  "injury_type_bleu_mean": 0.6672198433801988,
  "injury_type_rouge_1_mean": 0.6739926739926739,
  "injury_type_rouge_2_mean": 0.6666666666666666,
  "injury_type_rouge_l_mean": 0.6739926739926739,
  "injury_type_llm_similarity_mean": 0.7261904761904762,
  "injury_type_llm_binary_similarity_mean": 0.7142857142857143,
  "victim_age_jaccard_mean": 0.9642857142857143,
  "victim_age_bleu_mean": 0.9539385534181234,
  "victim_age_rouge_1_mean": 0.9777777777777776,
  "victim_age_rouge_2_mean": 0.9523809523809523,
  "victim_age_rouge_l_mean": 0.9777777777777776,
  "victim_age_llm_similarity_mean": 0.997142857142857,
  "victim_age_llm_binary_similarity_mean": 1.0,
  "victim_relation_jaccard_mean": 0.8095238095238095,
  "victim_relation_bleu_mean": 0.6920706582386513,
  "victim_relation_rouge_1_mean": 0.8095238095238095,
  "victim_relation_rouge_2_mean": 0.6666666666666666,
  "victim_relation_rouge_l_mean": 0.8095238095238095,
  "victim_relation_llm_similarity_mean": 0.8428571428571429,
  "victim_relation_llm_binary_similarity_mean": 0.8333333333333334,
  "incident_location_jaccard_mean": 0.3849526311318419,
  "incident_location_bleu_mean": 0.15860029122429237,
  "incident_location_rouge_1_mean": 0.46064392893366424,
  "incident_location_rouge_2_mean": 0.22349069637571067,
  "incident_location_rouge_l_mean": 0.41345699240002126,
  "incident_location_llm_similarity_mean": 0.7816666666666666,
  "incident_location_llm_binary_similarity_mean": 0.8809523809523809,
  "area_jaccard_mean": 0.5202380952380952,
  "area_bleu_mean": 0.1997934021803954,
  "area_rouge_1_mean": 0.595578231292517,
  "area_rouge_2_mean": 0.2206349206349206,
  "area_rouge_l_mean": 0.595578231292517,
  "area_llm_similarity_mean": 0.793095238095238,
  "area_llm_binary_similarity_mean": 0.8095238095238095,
  "suspect_description_jaccard_mean": 0.4745968247847947,
  "suspect_description_bleu_mean": 0.3833826459396714,
  "suspect_description_rouge_1_mean": 0.5091240750379407,
  "suspect_description_rouge_2_mean": 0.42018140589569164,
  "suspect_description_rouge_l_mean": 0.49063264000238793,
  "suspect_description_llm_similarity_mean": 0.5878571428571429,
  "suspect_description_llm_binary_similarity_mean": 0.5952380952380952,
  "object_involved_jaccard_mean": 0.3376061535725401,
  "object_involved_bleu_mean": 0.22108979272008536,
  "object_involved_rouge_1_mean": 0.39703325774754344,
  "object_involved_rouge_2_mean": 0.24206349206349204,
  "object_involved_rouge_l_mean": 0.39703325774754344,
  "object_involved_llm_similarity_mean": 0.5735714285714286,
  "object_involved_llm_binary_similarity_mean": 0.5714285714285714,
  "used_weapons_jaccard_mean": 0.6918767507002801,
  "used_weapons_bleu_mean": 0.6904761906514754,
  "used_weapons_rouge_1_mean": 0.6938775510204082,
  "used_weapons_rouge_2_mean": 0.6904761904761905,
  "used_weapons_rouge_l_mean": 0.6938775510204082,
  "used_weapons_llm_similarity_mean": 0.7095238095238096,
  "used_weapons_llm_binary_similarity_mean": 0.7142857142857143,
  "offender_relation_jaccard_mean": 0.7519841269841271,
  "offender_relation_bleu_mean": 0.7000095615276292,
  "offender_relation_rouge_1_mean": 0.7702482702482703,
  "offender_relation_rouge_2_mean": 0.6991341991341992,
  "offender_relation_rouge_l_mean": 0.7702482702482703,
  "offender_relation_llm_similarity_mean": 0.8857142857142858,
  "offender_relation_llm_binary_similarity_mean": 0.9047619047619048,
  "mode_of_threat_jaccard_mean": 0.46009521667416403,
  "mode_of_threat_bleu_mean": 0.3431602123825446,
  "mode_of_threat_rouge_1_mean": 0.5237774130631274,
  "mode_of_threat_rouge_2_mean": 0.416931216931217,
  "mode_of_threat_rouge_l_mean": 0.5237774130631274,
  "mode_of_threat_llm_similarity_mean": 0.6916666666666667,
  "mode_of_threat_llm_binary_similarity_mean": 0.6904761904761905,
  "date_of_birth_jaccard_mean": 1.0,
  "date_of_birth_bleu_mean": 1.0,
  "date_of_birth_rouge_1_mean": 1.0,
  "date_of_birth_rouge_2_mean": 1.0,
  "date_of_birth_rouge_l_mean": 1.0,
  "date_of_birth_llm_similarity_mean": 1.0,
  "date_of_birth_llm_binary_similarity_mean": 1.0,
  "generated_event_sub_type_detail_jaccard_mean": 0.5950854700854701,
  "generated_event_sub_type_detail_bleu_mean": 0.5527281949647529,
  "generated_event_sub_type_detail_rouge_1_mean": 0.6227106227106227,
  "generated_event_sub_type_detail_rouge_2_mean": 0.5753968253968255,
  "generated_event_sub_type_detail_rouge_l_mean": 0.6227106227106227,
  "generated_event_sub_type_detail_llm_similarity_mean": 0.7002380952380952,
  "generated_event_sub_type_detail_llm_binary_similarity_mean": 0.6904761904761905,
  "completeness_metrics": {
    "mean_completeness_score": 80.06958649815793,
    "std_completeness_score": 15.78782070071898
  },
  "hallucination_metrics": {
    "total_hallucinated_fields": 66,
    "mean_hallucinated_fields_per_record": 1.5714285714285714,
    "overall_hallucination_percentage": 6.832298136645963,
    "field_wise_hallucination_percentage": {
      "event_type": 0.0,
      "event_sub_type": 0.0,
      "state_of_victim": 7.142857142857142,
      "victim_gender": 2.380952380952381,
      "specified_matter": 0.0,
      "date_reference": 0.0,
      "frequency": 0.0,
      "repeat_incident": 0.0,
      "identification": 4.761904761904762,
      "injury_type": 23.809523809523807,
      "victim_age": 0.0,
      "victim_relation": 4.761904761904762,
      "incident_location": 2.380952380952381,
      "area": 2.380952380952381,
      "suspect_description": 19.047619047619047,
      "object_involved": 19.047619047619047,
      "date_of_birth": 0.0,
      "used_weapons": 26.190476190476193,
      "offender_relation": 4.761904761904762,
      "mode_of_threat": 21.428571428571427,
      "need_ambulance": 7.142857142857142,
      "children_involved": 0.0,
      "generated_event_sub_type_detail": 11.904761904761903
    }
  },
  "missing_from_llm_metrics": {
    "total_missing_from_llm_fields": 91,